user_id,hashed_password
graham,$2b$10$9pwWKcSfr41LmcL/sOzzUeJEEKUpEHSP0TDGj2sIqobNWHKURAxtS
terrance,$2b$10$vNVTjmgYLzJGhNFoHO0zxO45iU3bP9HXGBQkwO9tOhomHGYL.CGIe
randall,$2b$10$CCADqSAhcA68v/9RMy76k.NWfzbsDr5blXkEgXOFc/HqwbjKzX4f2
lavonne,$2b$10$3LFyEBG.KH6wYeCkO2rwXuPRUvGbQj8H5A27.NjPTdBCyiPN2N7bK
madaline,$2b$10$/32VHjcHWMn8h1t3d1ys0.3PQ0al5GBAZcU1qVQdo4NW2vmEwCwjm
lambert,$2b$10$2pH.cFt15rGqNmB1m00cnej/YDTW9Pul6Yb9LrABx6mq8RvfOtV..
lexi,$2b$10$rJHf/lcLqp8rnM7bEyNRb.W8pHVDyzk1wUzsMuuv.xtLSriJa4yMO
rodrigo,$2b$10$QRYwz0Bxa0qALuCC84.9we6wLHiEY6CGKfCIPWy2m3dj3O1/RuWSq
vicenta,$2b$10$5X/imx.TUctmz8bRqnYj8eerX.LsmbENMaQPzotTlQV.O0OwFOPX6
emilie,$2b$10$KgTy3/7IxrVSp3wKGIYVcOo1HXTVv3tZuLu/SAy1qcEdKJIfzHp0O
karley,$2b$10$Md1/LGEpBMqSPQ0S7FvJiOuKkcqrGlSMYjvAHmfRFQ/wwd9ad7GAG
rudolph,$2b$10$IRJgFhGtRtgFzf0t5nl6Gufy2SKhYm82OSzJVcU.HRbzdP4E27/VK
libby,$2b$10$pX.uVXNGkJ3EgUd66ZYH5eJbWKTRdMTnwO3ipXokPA1mSeBzYcF9K
rafaela,$2b$10$mk8UkcmLrgg.iqD0pfKD0eVir9Hb2H5zJFMn3RKso5rYxuGHdqTEe
maci,$2b$10$fkyAdnM1BQeg/UpQI2Ex.OaKXy7ZnYDm8CI99PAQGKSB1isup1Z/i
orin,$2b$10$GC30Xe2RlXMt8L1x58umOu4l31HstV4J5TFg5nntfLE3yB6gbLtwa
melyna,$2b$10$fKwfP3ntiwhgik4tIz/VpeCJoNc98TGisnlYo1xmGkTBxQPODlXHy
herminia,$2b$10$JmNEGzSuVNhbd1iBJxz3Du4gShhF3ucD/i4P5CwbRVMB0WwpTaVta
sebastian,$2b$10$35EfoAui6A7uvqE2WRNUOuHAhbsKfzEH0twIeKJ.hOlWnxL7YWRvy
shannon,$2b$10$oqEaZON1oh5i.Np081JDH.GAyoQ5IYLjXODtPdqdsLsCzVbkhrmke
noelia,$2b$10$ph8cSDXY3NuUYnGGWkzAoudMViBe1dPKe.1TtgBIwlk8B34k.4hGy
ernie,$2b$10$EJ4Ejk/Pk7XbURLtHWqAd.G1VLwzgycVxhIKvpeodJDO91B4oDNIW
giuseppe,$2b$10$.7.wpTmEoMhPJGKoIruJZe8Poz5GHDO5UdotwtAmSia89qUL62pHK
westley,$2b$10$QvoL4v4bRmZZ2JOSWFNa3eapzni87DM3sTQ4K3old4DkEucZrd.v6
joelle,$2b$10$mfeAKW5h8VPK.ZL5DKCFne876zo0qcy96eXedSgqxPJbOMdOWexKO
avis,$2b$10$RLgdV5gxLj4xcQpkVfhXOOR1MnkjfdppSaOqjUd0Yyb5NwV.AS7n6
pinkie,$2b$10$zU0TpPf84wAOfVtgLxo2weC9njvnnYGdzr/0g6YTTp5GbVaQkUOsC
keon,$2b$10$lGk31oPQCJBSKV3oIrcvVOy2YTAe05pOtzeJ8OEOTwvSGaDT0KlFy
clair,$2b$10$DGrUVTVntOIy8nhQiHYqjeJ.RaiMfjca.f6sPp71dzr6B42cM7coq
christ,$2b$10$pScySSDWfTAflNMP0g8ntuUEohfGygANtuDhPWNrbXVzMQLrtSVuG
lionel,$2b$10$atf0Hu8FxTwjGjGBNjCleeTisyWJCM9FGetxeXv.EK/4rsa7Wws1W
sophie,$2b$10$ine8U.rZnNInrLpycO5FnOB93EcRw.rzl0oPz8iOGE09imCJVl4r6
nathen,$2b$10$SBngeB06OmaDNYaIRJDG7./B1GZ4MLknqblB/U3zLB4jvLou0b4ES
oswald,$2b$10$XtKnHpb0OuPrQC/pChqD9ezzUPQyKU5M1of0hDHPc5cEOFZf..PQK
brooks,$2b$10$8.jX8ssi5XdjfDnxbYG5meX3dDnQFWomRiXVABt6qB5VVU0ur2OlS
willard,$2b$10$pSalPzhtY3kvt7joWToXJuOIS8QinZdc/kyA7kcwsmlqN4xXMz.4i
clementine,$2b$10$tZ5H8qZ.iF7t5fmocHoBJOhtDlxJEZdnRFd06kVKoNiLM2ckYkXpS
kristopher,$2b$10$J16.Qz5XrvXVZjacXb1/LOsfCrY.PYv/byIFUrXDVw5jteb9kPFdS
geoffrey,$2b$10$8PnpkcQYwLo4.I.u.uxcaOaGSallfroD5m1onFCkZYf6nesvpa1hK
akeem,$2b$10$A.Zmx1eQ.BVdMshtCHQqRuyw0eb4ogwfUxl97GgisWKglb5NrZN2y
kelli,$2b$10$3zQ5IcAvT9nfgkya0uugj.tmpEYIny5wJmwJmbDYwSj9ewoVYGI6e
cassidy,$2b$10$7j2.FIp9b.vji6ARJiUBR.2OgHYizbhGTTLKDa95.EXr/Bt2666.e
margaret,$2b$10$EXIMWgq33PuDb67zBS9szOHEqhaxCFFaIU2slTLV5SmjzfT.atoTO
winfield,$2b$10$u8PXmI1aVdZVcryB7ng.L.ketEOQ/i6TOaijyh7k8/2ouEm6jA4Ca
name,$2b$10$uNExLWfrG4KRalj71QssF.ctpi8PPkT3tfwI71gRmtW7hwLVrLZ2.
larue,$2b$10$gDe/Ub/k7YoTL.laXJQmgeRd1lF65wmI9WBDIHxzh5pP8ZT9jBWgq
jensen,$2b$10$eCbNi7pC.W.3vShtRf4gB.9rnwzJDuRlrS8amOTbQQ.Pvk35vX0VO
ernesto,$2b$10$AfmZ6WrfREmWVgfLyPNaDOt5WIpotS8XubIzfvbX3h85uSTz8XjhS
jazlyn,$2b$10$eC0zsVqJBIN.w6S.u2/hvufhDwr8Ng0W.5mf16XzfpdgXlfj3vrCy
deanna,$2b$10$Fvp9rdHyUOolp2quDs4vq.oaeIPpOQkRy1qS.MH0zui1kzBel4J22
vince,$2b$10$8zTCAl6izTZ2LoKq3qDIBewbepALAga40A0NdwjLDN9ytl9k3X5J.
jess,$2b$10$44HLur30c4OY/B6xJ7unX.kOmv00WQ2Qmd2F.MZ0zPhRcJA1cHfna
verda,$2b$10$lLHBWSWTNk1ZVYiaiMav4uVRLMjRdwZO8s7yTFX2TXy3Yqsr3TrsS
trace,$2b$10$VEgN28quC1Kpp0OE3duQw.yVvtdQp154kBSTPYEUgf/df0Dyol.Qa
tyshawn,$2b$10$0qz96h7kL3NsbwgsskggT.fPPvN9IQquFl2fP0eh4803vdE3odyie
alanna,$2b$10$M.4pCzwyf0xEURs0.QzwtepjH7tyxXrRwcYXjNgHpwUMoE4IZh51C
bryon,$2b$10$CZLzATSzZH59rOd6hVr7AuvZ8GOdDWf5aXu726.0OqfeloOoehfge
jeffry,$2b$10$jRloAPUVibFAjilzDiwUTuKSD9yfoKmBBo13MoSmoOY5vyvOkLHLe
lucienne,$2b$10$3NQCL5TBitN/wkgqVBkMyea/hoCfFL1AWC/HfiKvk6H06AyBnIDMS
anahi,$2b$10$4.EOA3dpHd.N.C2GS0ALu.8WoP3N1B3HIr7dQY5Y8QKs7/tlVq07S
cyril,$2b$10$f5hhOkGH6kF2udJ6icj29eatzvG22iTwg6Z3DyyfnqNDDAoLxWzqe
jailyn,$2b$10$/FvCS4csiXgTQazydk7nIepV/JmW6moZGcWOsbDyhzBKOlSO9BRd.
general,$2b$10$nWabiqHz8hMuP56czQXtpuJAasmAoJWI6IXWPJBAMyq0WvwXBHmYG
alysson,$2b$10$9rxwTsX/mc6g1Vpl0lUTA.YJkgWUhY2gGnP6VxgZGdVr4gppIRuUy
dora,$2b$10$KsYCfNWefKoak1BTgXqnm.31s9v7VHd9.uSp7AY08AYKpJnxVCyb.
katlynn,$2b$10$if3HIY3TM9T0MHcajO/zweEglcetNP.z2xiYhLsxS0Xl7X8VzsTqG
amara,$2b$10$uHwYL/WG6WlEa1PykTA5ze4bNpRzlEm2ksme1OEWRJDpFeh0g2U8e
ed,$2b$10$1QFkGEM0l5PrMBB/LOBokOZ9CuT2A8lswVVYGksVSsltah1ch5452
yazmin,$2b$10$5zgcKyZYP1uyUtToBRzE1OHEloetIskGk6RbONx1ky5ikBo91hsLG
nigel,$2b$10$hReGjwkQOOFu49LEMMj.vui5wZ2yGKWLyqVqpd/h5sQIN2d77t/F6
cletus,$2b$10$JqfGzaIyTFKKeQmFcb4nROvBeCvDR5j6u4Y55dMtnBIySeDh03kia
barton,$2b$10$F2.nM5uldBOBxCaa/i4NTe7MpPVU4HMakjx2ZFHP5FPKZnRFqcqfW
lila,$2b$10$IAN/V3BANuUU/RyuYGUDpuXL6eiKnr90o4ovESq.ug3UTfG0du1ti
junius,$2b$10$TfPN8nEVoUPbe7jcV6rCFe9./m6fAdmiM5P4diHb0DUOFwz1gwk/a
aletha,$2b$10$9nafKpUV/fHJyN3G9OUx0e4dnPKzsBHZL0VceV7rKypzI2xR39Yui
mallory,$2b$10$kD2KDwUPwyoEhdlq4Y9ph.hWYYbQ6fnm5G6OGiF9FZVh7SmI2vVea
lelah,$2b$10$Y/9QO9SV6H5sMZrspF6tauZYbgOltl7eAy/4MRf9cF1nJDuPwpYoq
jeanne,$2b$10$gG3djpiX3eNil/a2qVrF1OoSXtFNybs/r5Hd5dYTjA35cqwKNotLS
alicia,$2b$10$TZPndn15VPiKcHcMctiZLuB1iK86y0uk8mmNR5hfq3/b8YJ/i2NMa
arlie,$2b$10$nSbZtMM10nf/nnsuD5UQMezZdNWxlzS9cQHxsIq4yxazLXovFZmyi
otho,$2b$10$pdynahNGKvVs4ZXIGZqc8e9m7KG5o7IH3RtKFAg7isA7lT2FWCKa6
dock,$2b$10$Bw6LFH/W7Zs3.DfaDZNw8.NGq4fmVdTSWp7yMtOj4XJIR3h2XMHd.
favian,$2b$10$rtSm6K17mJQGhNJT2/mdjuqi680JpSkfdpja55nM31v7j1ug4rdiS
emilia,$2b$10$XT1kodImaEz/CzkyNP.xa.i5PJKHGNCYfqnS1voyjSo9w7Ejp8Q/S
roma,$2b$10$bpNl4xogNP6qYMtObYM4bOmUfBRPNseG.0b3GbwD.CCUnUmdm0xea
jessika,$2b$10$VyLgTHVCdSfOG33WxBn.FO0hQ2hlRY.BhM5flbuVFec7lI0QnItm2
douglas,$2b$10$.6xK7IeWPVbJG6rzDnFFhOCP5jJHLLrZ/78tRyZIx18S82cm2EFoW
elissa,$2b$10$if5lf0c7f43N3bKok5Xam.L5TOHQIh9.nBlxw.vO8tFkUkqFEoW2C
frida,$2b$10$cUbMMnMi7dSZrqU91VC7auctJqDdWfLH4Sxz5raPV.xrEU3tHFI4m
vanessa,$2b$10$mmo82ZnD074Sic.t0.0ey.l6WEsj4hBjemEtKRU7hw9k/NCagX83u
lula,$2b$10$V8IhjNAAO1bkExKBgIyJQucVs.8HONt2/r9g9P8WSBXWTdP49cp4i
karina,$2b$10$Xc7/adf04vrMTICMZNmGuOGD.cpf2z1egEd8GvXr6J0dDRZo2ELzi
francisca,$2b$10$aWk/ixI3CjaSQax3XlGa.ulaQ26TMINhysWNJK/YjwQwrCr/e4m16
larissa,$2b$10$gg0ONpZm28e7fJpq9DMkv.SOhNVFBuJDs7Kp.gDJff27NcvDeHo9G
trey,$2b$10$5uApMIQclpYb4h5lS1HeAOEy.8mLPZRHLqqI1QDGsKrOc.mswVpHG
zella,$2b$10$16YKWZ7Sz9g1RdXbry5K1.mFwYyI3NbvjDzQd4u/WWpfZvvFuP1s.
murl,$2b$10$qT0QhztT.EtvTrGEzU0cJepQJk0JoX9eCqtBJ79trOMb2yRe9XJda
london,$2b$10$B/XKcGytGbZ8Dc16Zqi3du694AeT8gT84YRMP4LPo2sxmu6kZErGW
diana,$2b$10$cGGR3h84V.qUMY2DdeEEk.P4aPVmDU80vQZSZ3.aF1DhHbPH4u24i
dena,$2b$10$ps31rcC4hKzo4DdBcZgHwe6MeZO2O40Gi/JXVeApQgyEQk8qtc23a
jaylen,$2b$10$8V95apysr78Z/F5MftiHpucY/6hBDXaAIJrayRuPHngHOkRD4zsiW
